ID,v_LSR,v_r_e,abs_v_LSR,movement_flag
NGC 104,-26.7,0.1,26.7,False
NGC 288,-51.9,0.2,51.9,False
NGC 362,214.0,0.5,214.0,False
Whiting 1,-138.1,1.8,138.1,False
NGC 1261,54.9,4.6,54.9,False
Pal 1,-76.2,3.3,76.2,False
AM 1,101.3,20.0,101.3,False
Eridanus,-39.1,2.1,39.1,False
Pal 2,-140.1,57.0,140.1,False
NGC 1851,303.8,0.6,303.8,True
NGC 1904,189.0,0.4,189.0,False
NGC 2298,132.0,1.2,132.0,False
NGC 2419,-25.2,0.5,25.2,False
Pyxis,20.7,1.9,20.7,False
NGC 2808,89.2,0.7,89.2,False
Pal 3,75.9,8.4,75.9,False
NGC 3201,482.9,0.2,482.9,True
Pal 4,76.6,2.1,76.6,False
NGC 4147,186.1,0.7,186.1,False
NGC 4372,64.2,1.2,64.2,False
Rup 106,-49.7,3.0,49.7,False
NGC 4590,-96.8,0.2,96.8,False
NGC 4833,192.9,1.2,192.9,False
NGC 5024,-56.2,0.3,56.2,False
NGC 5053,50.9,0.4,50.9,False
NGC 5139,228.9,0.1,228.9,True
NGC 5272,-138.3,0.2,138.3,False
NGC 5286,54.3,1.5,54.3,False
NGC 5466,121.2,0.2,121.2,False
NGC 5634,-37.5,6.6,37.5,False
NGC 5694,-136.2,0.8,136.2,False
IC 4499,24.1,0.2,24.1,False
NGC 5824,-23.8,1.5,23.8,False
Pal 5,-48.0,0.2,48.0,False
NGC 5897,108.4,1.0,108.4,False
NGC 5904,64.3,0.4,64.3,False
NGC 5927,-107.2,0.9,107.2,False
NGC 5946,128.9,1.8,128.9,False
NGC 5986,92.9,3.7,92.9,False
Lynga 7,8.0,5.0,8.0,False
Pal 14,87.0,0.2,87.0,False
NGC 6093,16.7,1.5,16.7,False
NGC 6121,78.6,0.2,78.6,False
NGC 6101,357.0,1.7,357.0,True
NGC 6144,201.9,0.6,201.9,False
NGC 6139,11.5,6.0,11.5,False
Terzan 3,-130.6,0.7,130.6,False
NGC 6171,-23.0,0.3,23.0,False
NGC 6205,-228.0,0.2,228.0,True
NGC 6229,-138.4,7.6,138.4,False
NGC 6218,-27.9,0.2,27.9,False
NGC 6235,96.8,3.4,96.8,False
NGC 6254,88.5,0.7,88.5,False
NGC 6256,-95.6,1.9,95.6,False
Pal 15,82.9,1.1,82.9,False
NGC 6266,-62.3,1.4,62.3,False
NGC 6273,143.8,4.1,143.8,False
NGC 6284,36.7,1.7,36.7,False
NGC 6287,-279.1,3.5,279.1,True
NGC 6293,-137.4,1.7,137.4,False
NGC 6304,-99.3,3.6,99.3,False
NGC 6316,79.9,8.9,79.9,False
NGC 6341,-103.5,0.1,103.5,False
NGC 6325,39.3,1.8,39.3,False
NGC 6333,239.8,7.0,239.8,True
NGC 6342,126.3,1.4,126.3,False
NGC 6356,38.0,4.3,38.0,False
NGC 6355,-167.9,7.1,167.9,False
NGC 6352,-134.1,1.1,134.1,False
IC 1257,-127.0,2.1,127.0,False
Terzan 2,116.9,15.0,116.9,False
NGC 6366,-108.6,0.5,108.6,False
Terzan 4,-42.3,2.9,42.3,False
HP 1,54.0,0.7,54.0,False
NGC 6362,-15.6,0.6,15.6,False
Liller 1,59.2,15.0,59.2,False
NGC 6380,2.1,2.5,2.1,False
Terzan 1,122.0,14.0,122.0,False
Ton 2,-178.6,2.2,178.6,False
NGC 6388,84.2,0.8,84.2,False
NGC 6402,-52.1,1.8,52.1,False
NGC 6401,-55.3,8.6,55.3,False
NGC 6397,20.3,0.1,20.3,False
Pal 6,190.2,2.8,190.2,False
NGC 6426,-146.9,23.0,146.9,False
Djorg 1,-355.0,3.6,355.0,True
Terzan 5,-83.5,2.0,83.5,False
NGC 6440,-65.9,2.7,65.9,False
NGC 6441,22.9,1.0,22.9,False
Terzan 6,133.9,15.0,133.9,False
NGC 6453,-76.7,8.3,76.7,False
UKS 1,66.7,6.0,66.7,False
NGC 6496,-108.4,5.7,108.4,False
Terzan 9,68.1,10.0,68.1,False
NGC 6517,-26.5,8.0,26.5,False
NGC 6522,-12.9,3.4,12.9,False
NGC 6535,-200.4,0.5,200.4,False
NGC 6528,214.9,1.4,214.9,True
NGC 6539,44.4,1.7,44.4,False
NGC 6540,-8.8,1.4,8.8,False
NGC 6544,-17.7,3.9,17.7,False
NGC 6541,-154.2,2.3,154.2,False
NGC 6553,6.1,1.5,6.1,False
2MS-GC02,-227.4,36.0,227.4,True
NGC 6558,-189.4,1.5,189.4,False
IC 1276,169.2,1.3,169.2,False
Terzan 12,104.2,1.5,104.2,False
NGC 6569,-20.3,5.6,20.3,False
NGC 6584,224.9,15.0,224.9,True
NGC 6624,62.1,0.6,62.1,False
NGC 6626,26.6,1.0,26.6,False
NGC 6638,27.5,3.9,27.5,False
NGC 6637,47.5,2.8,47.5,False
NGC 6642,-47.3,5.4,47.3,False
NGC 6652,-104.3,5.8,104.3,False
NGC 6656,-136.6,0.2,136.6,False
Pal 8,-32.3,15.0,32.3,False
NGC 6681,227.8,0.9,227.8,True
NGC 6712,-94.7,0.5,94.7,False
NGC 6715,149.2,0.3,149.2,False
NGC 6717,32.7,3.4,32.7,False
NGC 6723,-88.3,3.6,88.3,False
NGC 6749,-47.2,2.9,47.2,False
NGC 6752,-27.3,0.2,27.3,False
NGC 6760,-13.2,6.3,13.2,False
NGC 6779,-119.1,0.9,119.1,False
Terzan 7,172.5,4.0,172.5,False
Pal 10,-15.6,0.4,15.6,False
Arp 2,122.4,10.0,122.4,False
NGC 6809,181.8,0.3,181.8,False
Terzan 8,136.2,8.0,136.2,False
Pal 11,-56.0,10.0,56.0,False
NGC 6838,-7.5,0.2,7.5,False
NGC 6864,-180.8,3.6,180.8,False
NGC 6934,-398.5,1.6,398.5,True
NGC 6981,-336.2,3.7,336.2,True
NGC 7006,-371.3,0.4,371.3,True
NGC 7078,-96.0,0.2,96.0,False
NGC 7089,3.8,2.0,3.8,False
NGC 7099,-179.6,0.2,179.6,False
Pal 12,32.5,1.5,32.5,False
Pal 13,30.9,0.3,30.9,False
NGC 7492,-176.2,0.6,176.2,False
